<searchComponent name="spellcheck" class="solr.SpellCheckComponent">
    <lst name="spellchecker">
      <str name="name">en</str>
      <str name="field">spellcheck_en</str>
      <str name="classname">solr.DirectSolrSpellChecker</str>
      <str name="distanceMeasure">internal</str>
      <float name="accuracy">0.5</float>
      <float name="maxQueryFrequency">0.01</float>
      <float name="thresholdTokenFrequency">0.01</float>
      <int name="maxEdits">2</int>
      <int name="minPrefix">1</int>
      <int name="maxInspections">5</int>
      <int name="minQueryLength">4</int>
      <bool name="onlyMorePopular">true</bool>
    </lst>
  
    <lst name="spellchecker">
      <str name="name">und</str>
      <str name="field">spellcheck_und</str>
      <str name="classname">solr.DirectSolrSpellChecker</str>
      <str name="distanceMeasure">internal</str>
      <float name="accuracy">0.5</float>
      <float name="maxQueryFrequency">0.01</float>
      <float name="thresholdTokenFrequency">0.01</float>
      <int name="maxEdits">2</int>
      <int name="minPrefix">1</int>
      <int name="maxInspections">5</int>
      <int name="minQueryLength">4</int>
      <bool name="onlyMorePopular">true</bool>
    </lst>
  </searchComponent>
